{"cameraMode":{"drawMode":0,"name":"Shaded","section":"Shading Mode"},"sceneLighting":true,"audioPlay":false,"sceneViewState":{"showFog":true,"showMaterialUpdate":false,"showSkybox":true,"showFlares":true,"showImageEffects":true,"showParticleSystems":true},"in2DMode":false,"pivot":{"x":6.436797142028809,"y":0.734063982963562,"z":3.0451364517211916},"rotation":{"x":0.041427887976169589,"y":-0.9116737246513367,"z":0.09498179703950882,"w":0.3976420760154724},"size":4.824745178222656,"orthographic":false}