{"cameraMode":{"drawMode":0,"name":"Shaded","section":"Shading Mode"},"sceneLighting":true,"audioPlay":false,"sceneViewState":{"showFog":true,"showMaterialUpdate":false,"showSkybox":true,"showFlares":true,"showImageEffects":true,"showParticleSystems":true},"in2DMode":false,"pivot":{"x":-7.001119136810303,"y":-17.845582962036134,"z":15.214426040649414},"rotation":{"x":-0.39420071244239809,"y":0.21250291168689729,"z":-0.09421315044164658,"w":-0.8891420960426331},"size":18.578773498535158,"orthographic":false}